request_id,amount_safe_to_pay,affordability_status,recommended_payment_method,payment_plan,earliest_date_for_full_payment,spending_changes_needed,decision_explanation
request_26,15656000,affordable_now,full_payment,2025-08-03:15656000,2025-08-03,none,"Pay IDR 15,656,000 today. This leaves at least IDR 24,768,300 available over the next 90 days."
request_27,6670,affordable_now,full_payment,2026-07-05:6670,2026-07-05,none,"Pay ZAR 6,670 today. This leaves at least ZAR 20,500 available over the next 90 days."
request_28,188.24,affordable_later,wait,2024-07-20:1302.40,2024-07-20,none,"Pay EUR 1,302.40 in full on 20 July 2024. Paying earlier would take the balance below the EUR 1,100 minimum."
request_29,183.64,not_affordable,not_recommended,none,,none,"Do not proceed with the ZAR 51,524 request. Although ZAR 183.64 is available today, the full amount cannot be completed safely within 90 days."
request_30,775.2,affordable_with_plan,installments,2026-04-06:268.74|2026-05-06:268.74|2026-06-05:268.74,2026-04-06,none,"Use 3 installments of USD 268.74, starting 6 April 2026. This leaves at least USD 900 available."
request_31,3638696.86,affordable_later,wait,2024-09-15:18164000,2024-09-15,none,"Pay IDR 18,164,000 in full on 15 September 2024. Paying earlier would take the balance below the IDR 16,588,900 minimum."
request_32,16769.32,affordable_later,wait,2025-02-15:40018,2025-02-15,none,"Pay ZAR 40,018 in full on 15 February 2025. Paying earlier would take the balance below the ZAR 35,700 minimum."
request_33,42575.43,affordable_later,wait,2026-03-15:118000,2026-03-15,none,"Pay INR 118,000 in full on 15 March 2026. Paying earlier would take the balance below the INR 102,100 minimum."
request_34,129400,affordable_now,full_payment,2024-12-04:129400,2024-12-04,none,"Pay INR 129,400 today. This leaves at least INR 138,500 available over the next 90 days."
request_35,29834.46,affordable_later,wait,2026-01-15:212000,2026-01-15,none,"Pay INR 212,000 in full on 15 January 2026. Paying earlier would take the balance below the INR 106,400 minimum."
request_36,578.78,affordable_later,wait,2026-09-15:3954,2026-09-15,none,"Pay USD 3,954 in full on 15 September 2026. Paying earlier would take the balance below the USD 2,400 minimum."
request_37,3028008.02,affordable_later,wait,2024-05-20:14649000,2024-05-20,none,"Pay IDR 14,649,000 in full on 20 May 2024. Paying earlier would take the balance below the IDR 17,056,200 minimum."
request_38,215.44,affordable_later,wait,2025-10-15:971.30,2025-10-15,none,Pay EUR 971.30 in full on 15 October 2025. Paying earlier would take the balance below the EUR 400 minimum.
request_39,133096.51,affordable_later,wait,2026-04-15:208600,2026-04-15,none,"Pay INR 208,600 in full on 15 April 2026. Paying earlier would take the balance below the INR 213,400 minimum."
request_40,311.38,affordable_later,wait,2024-06-15:1290.30,2024-06-15,none,"Pay EUR 1,290.30 in full on 15 June 2024. Paying earlier would take the balance below the EUR 1,500 minimum."
request_41,9155129.81,affordable_later,wait,2025-11-15:38760000,2025-11-15,none,"Pay IDR 38,760,000 in full on 15 November 2025. Paying earlier would take the balance below the IDR 25,366,600 minimum."
request_42,52100,affordable_now,full_payment,2026-01-05:52100,2026-01-05,none,"Pay INR 52,100 today. This leaves at least INR 113,100 available over the next 90 days."
request_43,7180927.43,affordable_later,wait,2024-09-15:43339000,2024-09-15,none,"Pay IDR 43,339,000 in full on 15 September 2024. Paying earlier would take the balance below the IDR 21,398,000 minimum."
request_44,29752.19,affordable_later,wait,2025-02-15:95800,2025-02-15,none,"Pay INR 95,800 in full on 15 February 2025. Paying earlier would take the balance below the INR 82,900 minimum."
request_45,4486288.14,affordable_later,wait,2026-09-15:21983000,2026-09-15,none,"Pay IDR 21,983,000 in full on 15 September 2026. Paying earlier would take the balance below the IDR 11,149,800 minimum."
request_46,49450,affordable_with_plan,installments,2024-12-03:25714|2024-12-31:25714,2024-12-03,none,"Use 2 installments of INR 25,714, starting 3 December 2024. This leaves at least INR 84,000 available."
request_47,38114000,affordable_now,full_payment,2025-05-05:38114000,2025-05-05,none,"Pay IDR 38,114,000 today. This leaves at least IDR 30,049,000 available over the next 90 days."
request_48,45700,affordable_now,full_payment,2026-07-25:45700,2026-07-25,none,"Pay INR 45,700 today. This leaves at least INR 71,300 available over the next 90 days."
request_49,12759313.99,affordable_with_plan,installments,2024-03-18:11902106.67|2024-04-18:11902106.67|2024-05-19:11902106.67,2024-05-15,none,"Use 3 installments of IDR 11,902,106.67, starting 18 March 2024. This leaves at least IDR 20,275,700 available."
request_50,43900,affordable_now,full_payment,2025-08-06:43900,2025-08-06,none,"Pay INR 43,900 today. This leaves at least INR 99,700 available over the next 90 days."
request_51,2191000,affordable_now,full_payment,2026-01-03:2191000,2026-01-03,none,"Pay IDR 2,191,000 today. This leaves at least IDR 7,811,000 available over the next 90 days."
request_52,23666.53,affordable_later,wait,2024-06-15:28870,2024-06-15,none,"Pay INR 28,870 in full on 15 June 2024. Paying earlier would take the balance below the INR 41,500 minimum."
request_53,489.41,affordable_with_plan,installments,2025-11-21:589.06|2025-12-19:589.06|2026-01-16:589.06,2026-01-15,none,"Use 3 installments of USD 589.06, starting 21 November 2025. This leaves at least USD 2,100 available."
request_54,5976.35,not_affordable,not_recommended,none,,none,"Do not proceed with the ZAR 121,528 request. Although ZAR 5,976.35 is available today, the full amount cannot be completed safely within 90 days."
request_55,137723.71,affordable_with_plan,installments,2026-06-11:75781.33|2026-07-12:75781.33|2026-08-12:75781.33,2026-07-15,none,"Use 3 installments of INR 75,781.33, starting 11 June 2026. This leaves at least INR 124,300 available."
request_56,624.29,affordable_with_plan,partial_payment,2025-02-03:624.29|2025-02-15:257.27,2025-02-15,none,"Pay USD 624.29 today and the remaining USD 257.27 on 15 February 2025. This completes the full request and keeps the USD 2,100 minimum protected."
request_57,12933.29,affordable_later,wait,2026-06-15:61446,2026-06-15,none,"Pay ZAR 61,446 in full on 15 June 2026. Paying earlier would take the balance below the ZAR 42,700 minimum."
request_58,16226000,affordable_now,full_payment,2024-12-07:16226000,2024-12-07,none,"Pay IDR 16,226,000 today. This leaves at least IDR 14,433,900 available over the next 90 days."
request_59,140600,affordable_with_plan,installments,2025-05-07:48741.33|2025-06-04:48741.33|2025-07-02:48741.33,2025-05-04,none,"Use 3 installments of INR 48,741.33, starting 7 May 2025. This leaves at least INR 132,600 available."
request_60,136.14,affordable_later,wait,2026-01-15:199.89,2026-01-15,none,Pay USD 199.89 in full on 15 January 2026. Paying earlier would take the balance below the USD 400 minimum.
request_61,29062,affordable_with_plan,installments,2024-03-17:10074.83|2024-04-17:10074.83|2024-05-18:10074.83,2024-03-03,none,"Use 3 installments of ZAR 10,074.83, starting 17 March 2024. This leaves at least ZAR 36,700 available."
request_62,404.23,affordable_now,full_payment,2025-08-05:404.23,2025-08-05,none,"Pay USD 404.23 today. This leaves at least USD 1,300 available over the next 90 days."
request_63,29344.88,not_affordable,not_recommended,none,,none,"Do not proceed with the INR 343,900 request. Although INR 29,344.88 is available today, the full amount cannot be completed safely within 90 days."
request_64,0,not_affordable,not_recommended,none,,none,"Do not proceed with the INR 63,700 request. Although INR 0 is available today, the full amount cannot be completed safely within 90 days."
request_65,6978.76,not_affordable,not_recommended,none,,none,"Do not proceed with the ZAR 54,340 request. Although ZAR 6,978.76 is available today, the full amount cannot be completed safely within 90 days."
request_66,22200,affordable_now,full_payment,2026-04-03:22200,2026-04-03,none,"Pay INR 22,200 today. This leaves at least INR 80,700 available over the next 90 days."
request_67,385.54,affordable_later,wait,2024-09-15:2094,2024-09-15,none,"Pay USD 2,094 in full on 15 September 2024. Paying earlier would take the balance below the USD 1,200 minimum."
request_68,1327.78,affordable_with_plan,installments,2025-02-14:725.09|2025-03-14:725.09|2025-04-11:725.09,2025-02-23,none,"Use 3 installments of USD 725.09, starting 14 February 2025. This leaves at least USD 1,500 available."
request_69,529.1,affordable_now,full_payment,2026-01-04:529.10,2026-01-04,none,Pay EUR 529.10 today. This leaves at least EUR 700 available over the next 90 days.
request_70,50673.92,affordable_later,wait,2025-02-15:243900,2025-02-15,none,"Pay INR 243,900 in full on 15 February 2025. Paying earlier would take the balance below the INR 115,000 minimum."
request_71,309656.69,not_affordable,not_recommended,none,,none,"Do not proceed with the IDR 21,451,000 request. Although IDR 309,656.69 is available today, the full amount cannot be completed safely within 90 days."
request_72,11330,affordable_now,full_payment,2026-07-05:11330,2026-07-05,none,"Pay ZAR 11,330 today. This leaves at least ZAR 12,200 available over the next 90 days."
request_73,71400,affordable_now,full_payment,2023-01-20:71400,2023-01-20,none,"Pay INR 71,400 today. This leaves at least INR 103,200 available over the next 90 days."
request_74,5010,affordable_now,full_payment,2025-08-04:5010,2025-08-04,none,"Pay ZAR 5,010 today. This leaves at least ZAR 21,900 available over the next 90 days."
request_75,11791.45,not_affordable,not_recommended,none,,none,"Do not proceed with the ZAR 28,270 request. Although ZAR 11,791.45 is available today, the full amount cannot be completed safely within 90 days."
request_76,972.53,not_affordable,not_recommended,none,2024-06-20,none,"Do not make this payment by 30 July 2024. None of the available options keeps the USD 1,800 minimum protected."
request_77,58780.65,affordable_later,wait,2025-11-15:60700,2025-11-15,none,"Pay INR 60,700 in full on 15 November 2025. Paying earlier would take the balance below the INR 82,200 minimum."
request_78,47576.73,affordable_with_plan,full_payment,2025-10-02:50200,2025-10-15,stop:event_7224|reduce_to:event_7225:1480,"Stop the video streaming plan and reduce the monthly shopping spend to INR 1,480, then pay INR 50,200 today. This leaves at least INR 55,200 available."
request_79,690.29,not_affordable,not_recommended,none,2024-11-15,none,"Do not make this payment by 1 November 2024. None of the available options keeps the EUR 1,000 minimum protected."
request_80,114473.14,not_affordable,not_recommended,none,2025-02-11,none,"Do not make this payment by 21 February 2025. None of the available options keeps the INR 121,300 minimum protected."
request_81,2076,affordable_now,full_payment,2026-07-03:2076,2026-07-03,none,"Pay USD 2,076 today. This leaves at least USD 1,600 available over the next 90 days."
request_82,230.64,affordable_later,wait,2025-01-20:1405.20,2025-01-20,none,"Pay USD 1,405.20 in full on 20 January 2025. Paying earlier would take the balance below the USD 1,100 minimum."
request_83,6870.54,not_affordable,not_recommended,none,,none,"Do not proceed with the INR 156,200 request. Although INR 6,870.54 is available today, the full amount cannot be completed safely within 90 days."
request_84,28118.57,affordable_later,wait,2026-06-15:95400,2026-06-15,none,"Pay INR 95,400 in full on 15 June 2026. Paying earlier would take the balance below the INR 91,300 minimum."
request_85,863628.87,not_affordable,not_recommended,none,,none,"Do not proceed with the IDR 19,304,000 request. Although IDR 863,628.87 is available today, the full amount cannot be completed safely within 90 days."
request_86,46300,affordable_now,full_payment,2025-08-03:46300,2025-08-03,none,"Pay INR 46,300 today. This leaves at least INR 84,900 available over the next 90 days."
request_87,17219.86,not_affordable,not_recommended,none,,none,"Do not proceed with the INR 487,900 request. Although INR 17,219.86 is available today, the full amount cannot be completed safely within 90 days."
request_88,10746.68,affordable_with_plan,installments,2024-06-14:9045.23|2024-07-15:9045.23|2024-08-15:9045.23,2024-07-15,none,"Use 3 installments of ZAR 9,045.23, starting 14 June 2024. This leaves at least ZAR 25,800 available."
request_89,9281279.57,affordable_with_plan,installments,2025-11-18:4768746.67|2025-12-16:4768746.67|2026-01-13:4768746.67,2025-11-15,none,"Use 3 installments of IDR 4,768,746.67, starting 18 November 2025. This leaves at least IDR 12,534,700 available."
request_90,2560,affordable_now,full_payment,2026-07-06:2560,2026-07-06,none,"Pay ZAR 2,560 today. This leaves at least ZAR 7,600 available over the next 90 days."
request_91,410.69,affordable_later,wait,2024-11-15:1927.20,2024-11-15,none,"Pay EUR 1,927.20 in full on 15 November 2024. Paying earlier would take the balance below the EUR 2,100 minimum."
request_92,34034,affordable_now,full_payment,2025-02-05:34034,2025-02-05,none,"Pay ZAR 34,034 today. This leaves at least ZAR 28,100 available over the next 90 days."
request_93,1729.2,affordable_now,full_payment,2026-04-07:1729.20,2026-04-07,none,"Pay USD 1,729.20 today. This leaves at least USD 1,900 available over the next 90 days."
request_94,572,affordable_now,full_payment,2024-12-04:572,2024-12-04,none,Pay EUR 572 today. This leaves at least EUR 600 available over the next 90 days.
request_95,13574.07,not_affordable,not_recommended,none,,none,"Do not proceed with the INR 553,000 request. Although INR 13,574.07 is available today, the full amount cannot be completed safely within 90 days."
request_96,73955.59,affordable_with_plan,installments,2026-01-10:31269.33|2026-02-09:31269.33|2026-03-11:31269.33,2026-01-15,none,"Use 3 installments of INR 31,269.33, starting 10 January 2026. This leaves at least INR 56,500 available."
request_97,1497.8,affordable_with_plan,installments,2024-03-19:8145.28|2024-04-19:8145.28|2024-05-20:8145.28,2024-03-15,none,"Use 3 installments of ZAR 8,145.28, starting 19 March 2024. This leaves at least ZAR 29,700 available."
request_98,9427.86,affordable_later,wait,2025-10-15:27148,2025-10-15,none,"Pay ZAR 27,148 in full on 15 October 2025. Paying earlier would take the balance below the ZAR 30,000 minimum."
request_99,17231.3,affordable_with_plan,full_payment,2026-07-04:18062,2026-07-15,stop:event_9188,"Stop the family streaming plan, then pay ZAR 18,062 today. This leaves at least ZAR 49,100 available."
request_100,25712.53,affordable_with_plan,installments,2024-06-13:12866.19|2024-07-14:12866.19|2024-08-14:12866.19,2024-06-15,none,"Use 3 installments of ZAR 12,866.19, starting 13 June 2024. This leaves at least ZAR 32,500 available."
request_101,143500,affordable_now,full_payment,2025-11-03:143500,2025-11-03,none,"Pay INR 143,500 today. This leaves at least INR 187,400 available over the next 90 days."
request_102,1716,affordable_with_plan,installments,2026-04-05:594.88|2026-05-05:594.88|2026-06-04:594.88,2026-04-05,none,"Use 3 installments of EUR 594.88, starting 5 April 2026. This leaves at least EUR 900 available."
request_103,2399.91,not_affordable,not_recommended,none,,none,"Do not proceed with the INR 368,300 request. Although INR 2,399.91 is available today, the full amount cannot be completed safely within 90 days."
request_104,17204,affordable_now,full_payment,2025-02-04:17204,2025-02-04,none,"Pay ZAR 17,204 today. This leaves at least ZAR 24,700 available over the next 90 days."
request_105,48609.08,affordable_with_plan,full_payment,2026-06-08:53500,2026-08-15,reduce_to:event_9720:1632|reduce_to:event_9721:1720,"Reduce the household shopping to INR 1,632 and reduce the monthly entertainment spend to INR 1,720, then pay INR 53,500 today. This leaves at least INR 73,900 available."
request_106,978.79,affordable_later,wait,2024-12-15:2207.70,2024-12-15,none,"Pay EUR 2,207.70 in full on 15 December 2024. Paying earlier would take the balance below the EUR 1,200 minimum."
request_107,2469.35,affordable_with_plan,installments,2025-05-08:878.59|2025-06-05:878.59|2025-07-03:878.59,2025-05-15,none,"Use 3 installments of EUR 878.59, starting 8 May 2025. This leaves at least EUR 1,600 available."
request_108,3568.33,affordable_later,wait,2026-07-21:55308,2026-07-21,none,"Pay ZAR 55,308 in full on 21 July 2026. Paying earlier would take the balance below the ZAR 24,100 minimum."
request_109,550.15,affordable_with_plan,installments,2024-03-18:645.98|2024-04-18:645.98|2024-05-19:645.98,2024-03-15,none,"Use 3 installments of EUR 645.98, starting 18 March 2024. This leaves at least EUR 1,700 available."
request_110,22352,affordable_with_plan,installments,2025-08-06:7748.69|2025-09-03:7748.69|2025-10-01:7748.69,2025-08-06,none,"Use 3 installments of ZAR 7,748.69, starting 6 August 2025. This leaves at least ZAR 11,200 available."
request_111,16625000,affordable_now,full_payment,2026-04-03:16625000,2026-04-03,none,"Pay IDR 16,625,000 today. This leaves at least IDR 23,022,800 available over the next 90 days."
request_112,271.7,affordable_now,full_payment,2024-06-05:271.70,2024-06-05,none,Pay EUR 271.70 today. This leaves at least EUR 500 available over the next 90 days.
request_113,25113.98,affordable_later,wait,2026-09-15:36500,2026-09-15,none,"Pay INR 36,500 in full on 15 September 2026. Paying earlier would take the balance below the INR 82,300 minimum."
request_114,57534.22,affordable_later,wait,2026-01-15:65300,2026-01-15,none,"Pay INR 65,300 in full on 15 January 2026. Paying earlier would take the balance below the INR 113,400 minimum."
request_115,14790.17,affordable_later,wait,2024-11-15:80500,2024-11-15,none,"Pay INR 80,500 in full on 15 November 2024. Paying earlier would take the balance below the INR 38,800 minimum."
request_116,6609.69,not_affordable,not_recommended,none,,none,"Do not proceed with the INR 241,200 request. Although INR 6,609.69 is available today, the full amount cannot be completed safely within 90 days."
request_117,861.33,affordable_with_plan,full_payment,2026-07-05:880,2026-07-15,stop:event_10833,"Stop the family streaming plan, then pay EUR 880 today. This leaves at least EUR 1,000 available."
request_118,698.71,affordable_with_plan,installments,2024-12-07:255.87|2025-01-07:255.87|2025-02-07:255.87,2024-12-20,none,"Use 3 installments of EUR 255.87, starting 7 December 2024. This leaves at least EUR 600 available."
request_119,59291.89,not_affordable,not_recommended,none,2025-05-15,none,"Do not make this payment by 17 July 2025. None of the available options keeps the INR 151,200 minimum protected."
request_120,7714000,affordable_now,full_payment,2026-04-06:7714000,2026-04-06,none,"Pay IDR 7,714,000 today. This leaves at least IDR 20,050,300 available over the next 90 days."
request_121,633.6,affordable_now,full_payment,2024-03-03:633.60,2024-03-03,none,Pay USD 633.60 today. This leaves at least USD 800 available over the next 90 days.
request_122,20558000,affordable_with_plan,installments,2025-08-05:7126773.33|2025-09-02:7126773.33|2025-09-30:7126773.33,2025-08-05,none,"Use 3 installments of IDR 7,126,773.33, starting 5 August 2025. This leaves at least IDR 12,588,500 available."
request_123,4076000,affordable_now,full_payment,2026-01-07:4076000,2026-01-07,none,"Pay IDR 4,076,000 today. This leaves at least IDR 18,091,200 available over the next 90 days."
request_124,1327.24,affordable_with_plan,installments,2024-06-11:1076.12|2024-07-12:1076.12|2024-08-12:1076.12,2024-06-15,none,"Use 3 installments of EUR 1,076.12, starting 11 June 2024. This leaves at least EUR 1,600 available."
request_125,6468,affordable_now,full_payment,2025-11-06:6468,2025-11-06,none,"Pay ZAR 6,468 today. This leaves at least ZAR 11,300 available over the next 90 days."
request_126,159600,affordable_now,full_payment,2026-07-03:159600,2026-07-03,none,"Pay INR 159,600 today. This leaves at least INR 129,700 available over the next 90 days."
request_127,0,not_affordable,not_recommended,none,,none,"Do not proceed with the ZAR 23,980 request. Although ZAR 0 is available today, the full amount cannot be completed safely within 90 days."
request_128,25168,affordable_now,full_payment,2025-02-07:25168,2025-02-07,none,"Pay ZAR 25,168 today. This leaves at least ZAR 42,600 available over the next 90 days."
request_129,117.73,not_affordable,not_recommended,none,,none,"Do not proceed with the USD 2,668.80 request. Although USD 117.73 is available today, the full amount cannot be completed safely within 90 days."
request_130,451.91,affordable_later,wait,2025-02-15:1978.80,2025-02-15,none,"Pay USD 1,978.80 in full on 15 February 2025. Paying earlier would take the balance below the USD 1,400 minimum."
request_131,1184.33,affordable_with_plan,installments,2025-05-06:643.14|2025-06-03:643.14|2025-07-01:643.14,2025-05-23,none,"Use 3 installments of USD 643.14, starting 6 May 2025. This leaves at least USD 1,100 available."
request_132,315.42,affordable_later,wait,2026-01-15:379.86,2026-01-15,none,"Pay USD 379.86 in full on 15 January 2026. Paying earlier would take the balance below the USD 1,100 minimum."
request_133,0,not_affordable,not_recommended,none,,none,"Do not proceed with the IDR 15,770,000 request. Although IDR 0 is available today, the full amount cannot be completed safely within 90 days."
request_134,4842436.01,affordable_later,wait,2025-08-15:21831000,2025-08-15,none,"Pay IDR 21,831,000 in full on 15 August 2025. Paying earlier would take the balance below the IDR 15,902,500 minimum."
request_135,277.29,affordable_with_plan,full_payment,2026-07-06:304.80,2026-07-15,stop:event_12413|reduce_to:event_12458:17.50,"Stop the video streaming plan and reduce the lunch with colleagues to USD 17.50, then pay USD 304.80 today. This leaves at least USD 500 available."
request_136,531.45,affordable_with_plan,full_payment,2024-06-03:560.40,2024-06-15,reduce_to:event_12498:27.20,"Reduce the household shopping to USD 27.20, then pay USD 560.40 today. This leaves at least USD 1,100 available."
request_137,25436.66,affordable_later,wait,2026-01-15:80100,2026-01-15,none,"Pay INR 80,100 in full on 15 January 2026. Paying earlier would take the balance below the INR 71,800 minimum."
request_138,885.56,affordable_with_plan,partial_payment,2026-04-07:885.56|2026-04-15:371.38,2026-04-15,none,"Pay EUR 885.56 today and the remaining EUR 371.38 on 15 April 2026. This completes the full request and keeps the EUR 2,300 minimum protected."
request_139,1828.65,affordable_with_plan,installments,2024-09-07:802.88|2024-10-08:802.88|2024-11-08:802.88,2024-09-15,none,"Use 3 installments of USD 802.88, starting 7 September 2024. This leaves at least USD 1,500 available."
request_140,0,not_affordable,not_recommended,none,,none,"Do not proceed with the ZAR 62,832 request. Although ZAR 0 is available today, the full amount cannot be completed safely within 90 days."
request_141,22478.42,not_affordable,not_recommended,none,,none,"Do not proceed with the INR 171,600 request. Although INR 22,478.42 is available today, the full amount cannot be completed safely within 90 days."
request_142,1263.6,affordable_now,full_payment,2024-12-05:1263.60,2024-12-05,none,"Pay USD 1,263.60 today. This leaves at least USD 1,700 available over the next 90 days."
request_143,2646.76,affordable_later,wait,2025-07-15:12584,2025-07-15,none,"Pay ZAR 12,584 in full on 15 July 2025. Paying earlier would take the balance below the ZAR 11,300 minimum."
request_144,193.49,affordable_later,wait,2026-07-15:233.34,2026-07-15,none,Pay USD 233.34 in full on 15 July 2026. Paying earlier would take the balance below the USD 600 minimum.
request_145,28682.71,affordable_with_plan,installments,2024-03-20:75365.33|2024-04-20:75365.33|2024-05-21:75365.33,2024-04-20,none,"Use 3 installments of INR 75,365.33, starting 20 March 2024. This leaves at least INR 155,400 available."
request_146,15821.02,affordable_later,wait,2025-10-15:449400,2025-10-15,none,"Pay INR 449,400 in full on 15 October 2025. Paying earlier would take the balance below the INR 108,600 minimum."
request_147,473.06,affordable_with_plan,installments,2026-04-08:391.63|2026-05-08:391.63|2026-06-07:391.63,2026-04-15,none,"Use 3 installments of EUR 391.63, starting 8 April 2026. This leaves at least EUR 900 available."
request_148,7165.29,not_affordable,not_recommended,none,2024-07-15,none,"Do not make this payment by 18 August 2024. None of the available options keeps the ZAR 20,000 minimum protected."
request_149,24827.41,affordable_with_plan,installments,2025-11-18:12706.03|2025-12-16:12706.03|2026-01-13:12706.03,2025-11-15,none,"Use 3 installments of ZAR 12,706.03, starting 18 November 2025. This leaves at least ZAR 42,100 available."
request_150,271.67,not_affordable,not_recommended,none,,none,"Do not proceed with the EUR 496.10 request. Although EUR 271.67 is available today, the full amount cannot be completed safely within 90 days."
request_151,26999000,affordable_now,full_payment,2024-09-03:26999000,2024-09-03,none,"Pay IDR 26,999,000 today. This leaves at least IDR 31,633,600 available over the next 90 days."
request_152,11900.08,not_affordable,not_recommended,none,2025-04-15,none,"Do not make this payment by 13 April 2025. None of the available options keeps the ZAR 11,900 minimum protected."
request_153,120.43,not_affordable,not_recommended,none,,none,"Do not proceed with the USD 2,830.80 request. Although USD 120.43 is available today, the full amount cannot be completed safely within 90 days."
request_154,1625.8,affordable_with_plan,installments,2024-12-04:563.61|2025-01-04:563.61|2025-02-04:563.61,2024-12-04,none,"Use 3 installments of EUR 563.61, starting 4 December 2024. This leaves at least EUR 1,300 available."
request_155,112500,affordable_now,full_payment,2025-05-06:112500,2025-05-06,none,"Pay INR 112,500 today. This leaves at least INR 56,300 available over the next 90 days."
request_156,9488.23,affordable_later,wait,2026-06-15:43076,2026-06-15,none,"Pay ZAR 43,076 in full on 15 June 2026. Paying earlier would take the balance below the ZAR 26,900 minimum."
request_157,4907889.84,affordable_later,wait,2024-05-15:23503000,2024-05-15,none,"Pay IDR 23,503,000 in full on 15 May 2024. Paying earlier would take the balance below the IDR 15,714,100 minimum."
request_158,242600,affordable_with_plan,installments,2025-08-07:84101.33|2025-09-04:84101.33|2025-10-02:84101.33,2025-08-07,none,"Use 3 installments of INR 84,101.33, starting 7 August 2025. This leaves at least INR 131,400 available."
request_159,13398,affordable_now,full_payment,2026-01-04:13398,2026-01-04,none,"Pay ZAR 13,398 today. This leaves at least ZAR 8,700 available over the next 90 days."
request_160,484.55,affordable_with_plan,installments,2024-06-13:432.05|2024-07-14:432.05|2024-08-14:432.05,2024-06-15,none,"Use 3 installments of EUR 432.05, starting 13 June 2024. This leaves at least EUR 1,200 available."
request_161,6912300.4,affordable_later,wait,2025-11-15:21204000,2025-11-15,none,"Pay IDR 21,204,000 in full on 15 November 2025. Paying earlier would take the balance below the IDR 23,010,400 minimum."
request_162,0,not_affordable,not_recommended,none,,none,"Do not proceed with the IDR 83,923,000 request. Although IDR 0 is available today, the full amount cannot be completed safely within 90 days."
request_163,7281006,affordable_with_plan,installments,2024-09-10:6692053.33|2024-10-11:6692053.33|2024-11-11:6692053.33,2024-09-20,none,"Use 3 installments of IDR 6,692,053.33, starting 10 September 2024. This leaves at least IDR 26,728,700 available."
request_164,27018000,affordable_with_plan,installments,2025-02-11:9366240|2025-03-11:9366240|2025-04-08:9366240,2025-02-04,none,"Use 3 installments of IDR 9,366,240, starting 11 February 2025. This leaves at least IDR 29,550,500 available."
request_165,75703.01,affordable_with_plan,full_payment,2026-04-06:80600,,stop:event_15135,"Stop the video streaming plan, then pay INR 80,600 today. This leaves at least INR 95,000 available."
request_166,2907.6,affordable_with_plan,installments,2024-12-03:1007.97|2025-01-03:1007.97|2025-02-03:1007.97,2024-12-03,none,"Use 3 installments of USD 1,007.97, starting 3 December 2024. This leaves at least USD 1,700 available."
request_167,43802,affordable_now,full_payment,2025-05-05:43802,2025-05-05,none,"Pay ZAR 43,802 today. This leaves at least ZAR 31,200 available over the next 90 days."
request_168,29669.3,not_affordable,not_recommended,none,2026-03-15,none,"Do not make this payment by 16 March 2026. None of the available options keeps the INR 114,400 minimum protected."
request_169,41976,affordable_now,full_payment,2024-03-04:41976,2024-03-04,none,"Pay ZAR 41,976 today. This leaves at least ZAR 18,700 available over the next 90 days."
request_170,30425425.94,affordable_with_plan,installments,2025-08-06:12804480|2025-09-03:12804480|2025-10-01:12804480,2025-09-15,none,"Use 3 installments of IDR 12,804,480, starting 6 August 2025. This leaves at least IDR 24,715,800 available."
request_171,31.24,not_affordable,not_recommended,none,,none,"Do not proceed with the EUR 1,878.80 request. Although EUR 31.24 is available today, the full amount cannot be completed safely within 90 days."
request_172,10200,affordable_with_plan,installments,2024-06-05:5304|2024-07-03:5304,2024-06-05,none,"Use 2 installments of ZAR 5,304, starting 5 June 2024. This leaves at least ZAR 27,200 available."
request_173,63319.26,affordable_with_plan,installments,2025-11-21:39173.33|2025-12-19:39173.33|2026-01-16:39173.33,2026-01-15,none,"Use 3 installments of INR 39,173.33, starting 21 November 2025. This leaves at least INR 79,100 available."
request_174,1073.53,not_affordable,not_recommended,none,,none,"Do not proceed with the EUR 1,146.20 request. Although EUR 1,073.53 is available today, the full amount cannot be completed safely within 90 days."
request_175,2346.3,affordable_now,full_payment,2024-09-06:2346.30,2024-09-06,none,"Pay EUR 2,346.30 today. This leaves at least EUR 1,700 available over the next 90 days."
request_176,495.59,affordable_later,wait,2025-02-20:1239.70,2025-02-20,none,"Pay EUR 1,239.70 in full on 20 February 2025. Paying earlier would take the balance below the EUR 600 minimum."
request_177,1017.6,affordable_now,full_payment,2026-01-05:1017.60,2026-01-05,none,"Pay USD 1,017.60 today. This leaves at least USD 1,300 available over the next 90 days."
request_178,2938.1,affordable_with_plan,installments,2024-12-07:1018.54|2025-01-07:1018.54|2025-02-07:1018.54,2024-12-07,none,"Use 3 installments of EUR 1,018.54, starting 7 December 2024. This leaves at least EUR 1,400 available."
request_179,21877103.52,affordable_later,wait,2025-07-15:41648000,2025-07-15,none,"Pay IDR 41,648,000 in full on 15 July 2025. Paying earlier would take the balance below the IDR 41,430,800 minimum."
request_180,66500,affordable_now,full_payment,2026-07-06:66500,2026-07-06,none,"Pay INR 66,500 today. This leaves at least INR 37,300 available over the next 90 days."
request_181,294.15,affordable_later,wait,2024-05-15:5059.20,2024-05-15,none,"Pay USD 5,059.20 in full on 15 May 2024. Paying earlier would take the balance below the USD 2,000 minimum."
request_182,65714,affordable_now,full_payment,2025-08-05:65714,2025-08-05,none,"Pay ZAR 65,714 today. This leaves at least ZAR 31,100 available over the next 90 days."
request_183,21712058.14,not_affordable,not_recommended,none,2026-06-15,none,"Do not make this payment by 18 June 2026. None of the available options keeps the IDR 11,878,300 minimum protected."
request_184,2771.69,not_affordable,not_recommended,none,,none,"Do not proceed with the INR 251,900 request. Although INR 2,771.69 is available today, the full amount cannot be completed safely within 90 days."
request_185,407.31,affordable_later,wait,2026-01-15:1257.30,2026-01-15,none,"Pay EUR 1,257.30 in full on 15 January 2026. Paying earlier would take the balance below the EUR 1,300 minimum."
request_186,12067.34,not_affordable,not_recommended,none,,none,"Do not proceed with the ZAR 26,554 request. Although ZAR 12,067.34 is available today, the full amount cannot be completed safely within 90 days."
request_187,37569.51,affordable_later,wait,2024-09-15:187500,2024-09-15,none,"Pay INR 187,500 in full on 15 September 2024. Paying earlier would take the balance below the INR 128,300 minimum."
request_188,152.01,not_affordable,not_recommended,none,,none,"Do not proceed with the EUR 2,464 request. Although EUR 152.01 is available today, the full amount cannot be completed safely within 90 days."
request_189,488.4,affordable_now,full_payment,2026-07-04:488.40,2026-07-04,none,Pay EUR 488.40 today. This leaves at least EUR 400 available over the next 90 days.
request_190,618.88,affordable_later,wait,2024-12-15:2557.50,2024-12-15,none,"Pay EUR 2,557.50 in full on 15 December 2024. Paying earlier would take the balance below the EUR 1,600 minimum."
request_191,664.4,affordable_now,full_payment,2025-05-03:664.40,2025-05-03,none,Pay EUR 664.40 today. This leaves at least EUR 500 available over the next 90 days.
request_192,291.07,affordable_later,wait,2026-05-08:2046,2026-05-08,none,"Pay USD 2,046 in full on 8 May 2026. Paying earlier would take the balance below the USD 1,000 minimum."
request_193,31.09,affordable_with_plan,installments,2024-03-21:420.23|2024-04-21:420.23|2024-05-22:420.23,2024-04-15,none,"Use 3 installments of EUR 420.23, starting 21 March 2024. This leaves at least EUR 1,000 available."
request_194,34195.92,affordable_later,wait,2025-08-23:132800,2025-08-23,none,"Pay INR 132,800 in full on 23 August 2025. Paying earlier would take the balance below the INR 113,600 minimum."
request_195,970,not_affordable,not_recommended,none,2026-03-15,none,Do not make this payment by 11 March 2026. None of the available options keeps the EUR 700 minimum protected.
request_196,762.3,affordable_now,full_payment,2024-06-03:762.30,2024-06-03,none,Pay EUR 762.30 today. This leaves at least EUR 500 available over the next 90 days.
request_197,50939000,affordable_with_plan,installments,2025-11-19:17658853.33|2025-12-17:17658853.33|2026-01-14:17658853.33,2025-11-05,none,"Use 3 installments of IDR 17,658,853.33, starting 19 November 2025. This leaves at least IDR 26,245,900 available."
request_198,185800,affordable_now,full_payment,2026-07-07:185800,2026-07-07,none,"Pay INR 185,800 today. This leaves at least INR 124,300 available over the next 90 days."
request_199,23674000,affordable_with_plan,installments,2024-09-07:8206986.67|2024-10-08:8206986.67|2024-11-08:8206986.67,2024-09-04,none,"Use 3 installments of IDR 8,206,986.67, starting 7 September 2024. This leaves at least IDR 25,359,500 available."
request_200,21717000,affordable_now,full_payment,2025-02-06:21717000,2025-02-06,none,"Pay IDR 21,717,000 today. This leaves at least IDR 20,114,600 available over the next 90 days."
request_201,23460720.54,affordable_with_plan,full_payment,2026-04-03:23997000,,stop:event_18493,"Stop the streaming subscription, then pay IDR 23,997,000 today. This leaves at least IDR 17,304,500 available."
request_202,123900,affordable_now,full_payment,2024-12-05:123900,2024-12-05,none,"Pay INR 123,900 today. This leaves at least INR 147,800 available over the next 90 days."
request_203,1442.1,affordable_with_plan,installments,2025-05-10:499.93|2025-06-07:499.93|2025-07-05:499.93,2025-05-07,none,"Use 3 installments of EUR 499.93, starting 10 May 2025. This leaves at least EUR 1,400 available."
request_204,499.28,affordable_later,wait,2026-01-15:588.74,2026-01-15,none,"Pay EUR 588.74 in full on 15 January 2026. Paying earlier would take the balance below the EUR 1,300 minimum."
request_205,10621000,affordable_now,full_payment,2024-03-06:10621000,2024-03-06,none,"Pay IDR 10,621,000 today. This leaves at least IDR 13,994,300 available over the next 90 days."
request_206,1404.7,affordable_with_plan,installments,2025-08-03:486.96|2025-08-31:486.96|2025-09-28:486.96,2025-08-03,none,"Use 3 installments of EUR 486.96, starting 3 August 2025. This leaves at least EUR 900 available."
request_207,7090.96,affordable_later,wait,2026-07-15:11830,2026-07-15,none,"Pay ZAR 11,830 in full on 15 July 2026. Paying earlier would take the balance below the ZAR 13,600 minimum."
request_208,3069307.55,affordable_later,wait,2024-06-15:4413000,2024-06-15,none,"Pay IDR 4,413,000 in full on 15 June 2024. Paying earlier would take the balance below the IDR 10,470,700 minimum."
request_209,1760.85,not_affordable,not_recommended,none,,none,"Do not proceed with the ZAR 56,914 request. Although ZAR 1,760.85 is available today, the full amount cannot be completed safely within 90 days."
request_210,839.98,affordable_with_plan,installments,2026-04-06:471.48|2026-05-04:471.48|2026-06-01:471.48,2026-04-15,none,"Use 3 installments of USD 471.48, starting 6 April 2026. This leaves at least USD 2,000 available."
request_211,356.3,affordable_later,wait,2024-09-15:1788.60,2024-09-15,none,"Pay EUR 1,788.60 in full on 15 September 2024. Paying earlier would take the balance below the EUR 1,500 minimum."
request_212,6275648.6,not_affordable,not_recommended,none,,none,"Do not proceed with the IDR 71,934,000 request. Although IDR 6,275,648.60 is available today, the full amount cannot be completed safely within 90 days."
request_213,2484.81,not_affordable,not_recommended,none,,none,"Do not proceed with the USD 3,362.40 request. Although USD 2,484.81 is available today, the full amount cannot be completed safely within 90 days."
request_214,49909.88,affordable_with_plan,partial_payment,2024-12-04:49909.88|2024-12-15:19840.12,2024-12-15,none,"Pay INR 49,909.88 today and the remaining INR 19,840.12 on 15 December 2024. This completes the full request and keeps the INR 174,900 minimum protected."
request_215,29986,affordable_with_plan,installments,2025-05-09:10395.15|2025-06-06:10395.15|2025-07-04:10395.15,2025-05-06,none,"Use 3 installments of ZAR 10,395.15, starting 9 May 2025. This leaves at least ZAR 15,700 available."
request_216,489.88,affordable_later,wait,2026-09-15:3332.40,2026-09-15,none,"Pay USD 3,332.40 in full on 15 September 2026. Paying earlier would take the balance below the USD 1,800 minimum."
request_217,19470.25,affordable_with_plan,installments,2024-03-19:12889.07|2024-04-19:12889.07|2024-05-20:12889.07,2024-03-15,none,"Use 3 installments of ZAR 12,889.07, starting 19 March 2024. This leaves at least ZAR 26,800 available."
request_218,27169968.88,affordable_with_plan,installments,2025-08-07:21195893.33|2025-09-04:21195893.33|2025-10-02:21195893.33,2025-08-15,none,"Use 3 installments of IDR 21,195,893.33, starting 7 August 2025. This leaves at least IDR 34,477,200 available."
request_219,1354,affordable_with_plan,installments,2026-04-07:580.01|2026-05-07:580.01|2026-06-06:580.01,2026-04-15,none,"Use 3 installments of EUR 580.01, starting 7 April 2026. This leaves at least EUR 1,100 available."
request_220,0,not_affordable,not_recommended,none,,none,"Do not proceed with the EUR 3,118.50 request. Although EUR 0 is available today, the full amount cannot be completed safely within 90 days."
request_221,109800,affordable_now,full_payment,2025-11-03:109800,2025-11-03,none,"Pay INR 109,800 today. This leaves at least INR 81,500 available over the next 90 days."
request_222,34078,affordable_now,full_payment,2026-01-05:34078,2026-01-05,none,"Pay ZAR 34,078 today. This leaves at least ZAR 27,300 available over the next 90 days."
request_223,898.7,affordable_now,full_payment,2024-09-07:898.70,2024-09-07,none,Pay EUR 898.70 today. This leaves at least EUR 800 available over the next 90 days.
request_224,9771031.82,affordable_with_plan,installments,2025-02-04:5370040|2025-03-04:5370040,2025-02-15,none,"Use 2 installments of IDR 5,370,040, starting 4 February 2025. This leaves at least IDR 22,187,600 available."
request_225,10898473.22,affordable_with_plan,installments,2026-07-20:7647120|2026-08-19:7647120|2026-09-18:7647120,2026-09-15,none,"Use 3 installments of IDR 7,647,120, starting 20 July 2026. This leaves at least IDR 17,670,700 available."
request_226,157000,affordable_now,full_payment,2024-12-03:157000,2024-12-03,none,"Pay INR 157,000 today. This leaves at least INR 209,400 available over the next 90 days."
request_227,17282.99,not_affordable,not_recommended,none,,none,"Do not proceed with the INR 259,700 request. Although INR 17,282.99 is available today, the full amount cannot be completed safely within 90 days."
request_228,4162430.37,not_affordable,not_recommended,none,,none,"Do not proceed with the IDR 63,327,000 request. Although IDR 4,162,430.37 is available today, the full amount cannot be completed safely within 90 days."
request_229,435.58,affordable_with_plan,installments,2024-03-18:529.29|2024-04-18:529.29|2024-05-19:529.29,2024-05-15,none,"Use 3 installments of EUR 529.29, starting 18 March 2024. This leaves at least EUR 1,000 available."
request_230,3537.6,affordable_now,full_payment,2025-08-06:3537.60,2025-08-06,none,"Pay EUR 3,537.60 today. This leaves at least EUR 2,000 available over the next 90 days."
request_231,31941.65,affordable_with_plan,installments,2026-01-06:12378.08|2026-02-05:12378.08|2026-03-07:12378.08,2026-01-15,none,"Use 3 installments of ZAR 12,378.08, starting 6 January 2026. This leaves at least ZAR 24,300 available."
request_232,833.92,affordable_later,wait,2024-06-15:1970.10,2024-06-15,none,"Pay EUR 1,970.10 in full on 15 June 2024. Paying earlier would take the balance below the EUR 2,400 minimum."
request_233,3769568.74,affordable_with_plan,installments,2025-11-14:3245320|2025-12-15:3245320,2025-11-15,none,"Use 2 installments of IDR 3,245,320, starting 14 November 2025. This leaves at least IDR 10,365,700 available."
request_234,226.51,affordable_later,wait,2026-09-15:1213.30,2026-09-15,none,"Pay EUR 1,213.30 in full on 15 September 2026. Paying earlier would take the balance below the EUR 700 minimum."
request_235,967.2,affordable_now,full_payment,2024-09-06:967.20,2024-09-06,none,Pay USD 967.20 today. This leaves at least USD 700 available over the next 90 days.
request_236,5842702.56,not_affordable,not_recommended,none,,none,"Do not proceed with the IDR 52,383,000 request. Although IDR 5,842,702.56 is available today, the full amount cannot be completed safely within 90 days."
request_237,22361582.16,affordable_with_plan,full_payment,2026-04-05:23826000,,reduce_to:event_21813:548720,"Reduce the clothing and household items to IDR 548,720, then pay IDR 23,826,000 today. This leaves at least IDR 22,431,500 available."
request_238,663.6,affordable_with_plan,installments,2024-12-07:230.05|2025-01-07:230.05|2025-02-07:230.05,2024-12-07,none,"Use 3 installments of USD 230.05, starting 7 December 2024. This leaves at least USD 700 available."
request_239,642,affordable_now,full_payment,2025-05-04:642,2025-05-04,none,Pay USD 642 today. This leaves at least USD 600 available over the next 90 days.
request_240,11634.57,affordable_with_plan,partial_payment,2026-01-06:11634.57|2026-03-15:89565.43,2026-03-15,none,"Pay INR 11,634.57 today and the remaining INR 89,565.43 on 15 March 2026. This completes the full request and keeps the INR 52,800 minimum protected."
request_241,21052000,affordable_with_plan,installments,2024-03-17:7298026.67|2024-04-17:7298026.67|2024-05-18:7298026.67,2024-03-03,none,"Use 3 installments of IDR 7,298,026.67, starting 17 March 2024. This leaves at least IDR 19,252,000 available."
request_242,0,not_affordable,not_recommended,none,,none,"Do not proceed with the EUR 1,966.80 request. Although EUR 0 is available today, the full amount cannot be completed safely within 90 days."
request_243,17468,affordable_now,full_payment,2026-07-07:17468,2026-07-07,none,"Pay ZAR 17,468 today. This leaves at least ZAR 19,900 available over the next 90 days."
request_244,49918,affordable_now,full_payment,2024-06-04:49918,2024-06-04,none,"Pay ZAR 49,918 today. This leaves at least ZAR 45,900 available over the next 90 days."
request_245,34649.41,affordable_later,wait,2026-01-15:128500,2026-01-15,none,"Pay INR 128,500 in full on 15 January 2026. Paying earlier would take the balance below the INR 94,600 minimum."
request_246,64086,affordable_with_plan,installments,2026-04-03:22216.48|2026-05-03:22216.48|2026-06-02:22216.48,2026-04-03,none,"Use 3 installments of ZAR 22,216.48, starting 3 April 2026. This leaves at least ZAR 39,300 available."
request_247,1059.3,affordable_now,full_payment,2024-09-05:1059.30,2024-09-05,none,"Pay EUR 1,059.30 today. This leaves at least EUR 1,300 available over the next 90 days."
request_248,1184.24,not_affordable,not_recommended,none,2025-02-11,none,"Do not make this payment by 28 April 2025. None of the available options keeps the USD 1,300 minimum protected."
request_249,142.19,not_affordable,not_recommended,none,,none,"Do not proceed with the USD 643.20 request. Although USD 142.19 is available today, the full amount cannot be completed safely within 90 days."
request_250,15659.46,not_affordable,not_recommended,none,2025-02-15,none,"Do not make this payment by 18 January 2025. None of the available options keeps the ZAR 35,300 minimum protected."
request_251,1513.6,not_affordable,not_recommended,none,2025-05-03,none,"Do not make this payment by 6 June 2025. None of the available options keeps the EUR 1,300 minimum protected."
request_252,3703641.3,affordable_later,wait,2026-09-15:28082000,2026-09-15,none,"Pay IDR 28,082,000 in full on 15 September 2026. Paying earlier would take the balance below the IDR 15,152,200 minimum."
request_253,1368.91,affordable_with_plan,installments,2024-03-21:984.60|2024-04-21:984.60|2024-05-22:984.60,2024-05-15,none,"Use 3 installments of EUR 984.60, starting 21 March 2024. This leaves at least EUR 2,300 available."
request_254,880.65,affordable_later,wait,2025-10-15:3535.20,2025-10-15,none,"Pay USD 3,535.20 in full on 15 October 2025. Paying earlier would take the balance below the USD 2,500 minimum."
request_255,812393.83,not_affordable,not_recommended,none,,none,"Do not proceed with the IDR 3,345,000 request. Although IDR 812,393.83 is available today, the full amount cannot be completed safely within 90 days."
request_256,152022.61,affordable_with_plan,installments,2024-06-10:75816|2024-07-11:75816|2024-08-11:75816,2024-06-15,none,"Use 3 installments of INR 75,816, starting 10 June 2024. This leaves at least INR 168,600 available."
request_257,419.07,affordable_later,wait,2025-11-15:1352.40,2025-11-15,none,"Pay USD 1,352.40 in full on 15 November 2025. Paying earlier would take the balance below the USD 1,600 minimum."
request_258,1113.6,affordable_now,full_payment,2026-01-07:1113.60,2026-01-07,none,"Pay USD 1,113.60 today. This leaves at least USD 500 available over the next 90 days."
request_259,447.63,affordable_later,wait,2024-11-15:935,2024-11-15,none,Pay EUR 935 in full on 15 November 2024. Paying earlier would take the balance below the EUR 600 minimum.
request_260,7093940.95,not_affordable,not_recommended,none,,none,"Do not proceed with the IDR 52,079,000 request. Although IDR 7,093,940.95 is available today, the full amount cannot be completed safely within 90 days."
request_261,1830.4,affordable_now,full_payment,2026-07-03:1830.40,2026-07-03,none,"Pay EUR 1,830.40 today. This leaves at least EUR 1,500 available over the next 90 days."
request_262,9236000,affordable_now,full_payment,2024-12-05:9236000,2024-12-05,none,"Pay IDR 9,236,000 today. This leaves at least IDR 31,018,500 available over the next 90 days."
request_263,5002.76,not_affordable,not_recommended,none,,none,"Do not proceed with the ZAR 51,546 request. Although ZAR 5,002.76 is available today, the full amount cannot be completed safely within 90 days."
request_264,17540.32,affordable_later,wait,2026-06-15:111300,2026-06-15,none,"Pay INR 111,300 in full on 15 June 2026. Paying earlier would take the balance below the INR 59,500 minimum."
request_265,0,not_affordable,not_recommended,none,,none,"Do not proceed with the INR 45,970 request. Although INR 0 is available today, the full amount cannot be completed safely within 90 days."
request_266,935,affordable_with_plan,installments,2025-08-03:324.13|2025-08-31:324.13|2025-09-28:324.13,2025-08-03,none,"Use 3 installments of EUR 324.13, starting 3 August 2025. This leaves at least EUR 900 available."
request_267,1626.19,not_affordable,not_recommended,none,2026-03-15,none,"Do not make this payment by 17 March 2026. None of the available options keeps the EUR 1,500 minimum protected."
request_268,1044.51,affordable_with_plan,installments,2024-06-14:841.22|2024-07-15:841.22|2024-08-15:841.22,2024-07-15,none,"Use 3 installments of EUR 841.22, starting 14 June 2024. This leaves at least EUR 1,400 available."
request_269,9782.78,affordable_later,wait,2025-11-15:15490,2025-11-15,none,"Pay ZAR 15,490 in full on 15 November 2025. Paying earlier would take the balance below the ZAR 23,100 minimum."
request_270,96.23,not_affordable,not_recommended,none,,none,"Do not proceed with the USD 3,028.80 request. Although USD 96.23 is available today, the full amount cannot be completed safely within 90 days."
request_271,11251.71,affordable_later,wait,2024-11-20:91300,2024-11-20,none,"Pay INR 91,300 in full on 20 November 2024. Paying earlier would take the balance below the INR 58,200 minimum."
request_272,5983420.11,not_affordable,not_recommended,none,2025-04-15,none,"Do not make this payment by 10 April 2025. None of the available options keeps the IDR 7,508,600 minimum protected."
request_273,9498254.8,affordable_with_plan,partial_payment,2026-04-07:9498254.80|2026-04-15:6362745.20,2026-04-15,none,"Pay IDR 9,498,254.80 today and the remaining IDR 6,362,745.20 on 15 April 2026. This completes the full request and keeps the IDR 18,774,600 minimum protected."
request_274,2155.4,not_affordable,not_recommended,none,2025-02-15,none,"Do not make this payment by 11 February 2025. None of the available options keeps the EUR 1,800 minimum protected."
request_275,15884000,affordable_now,full_payment,2025-05-06:15884000,2025-05-06,none,"Pay IDR 15,884,000 today. This leaves at least IDR 12,760,100 available over the next 90 days."
